GalileoGalilei https://www.famousscientists.org/galileo-galilei
FrancisGalton https://www.famousscientists.org/francis-galton
JWillardGibbs https://www.famousscientists.org/j-willard-gibbs
rosaFranklin https://en.wikipedia.org/wiki/Rosalind_Franklin
JohnHerschel https://www.famousscientists.org/john-herschel
LudwigBoltzmann https://www.famousscientists.org/ludwig-boltzmann
RobertBunsen https://www.famousscientists.org/robert-bunsen
alanTuring https://en.wikipedia.org/wiki/Alan_Turing
ErwinChargaff https://www.famousscientists.org/erwin-chargaff
GertyTheresaCori https://www.famousscientists.org/gerty-theresa-cori
AntoineLavoisier https://www.famousscientists.org/antoine-lavoisier
marieCurie https://en.wikipedia.org/wiki/Marie_Curie
AldoLeopold https://www.famousscientists.org/aldo-leopold
LeonardodaVinci https://www.famousscientists.org/leonardo-da-vinci
ReneDescartes https://www.famousscientists.org/rene-descartes
ErnstMayr https://www.famousscientists.org/ernst-mayr
albertEinstein https://www.famousscientists.org/albert-einstein
MichaelFaraday https://www.famousscientists.org/michael-faraday
rudolfVirchow https://www.famousscientists.org/rudolf-virchow
ErwinSchrodinger https://www.famousscientists.org/erwin-schrodinger-2
SallyRide https://www.famousscientists.org/sally-ride
PhilippePinel https://www.famousscientists.org/philippe-pinel
GeorgOhm https://www.famousscientists.org/georg-ohm
